"Pair (x1, x2)",Var_H(x1),Var_L(x1),Ratio H/L,Rank condition
WTI crude / 2-Year Treasury Yield,27.7088,18.5571,1.49,satisfied
WTI crude / 10-Year Treasury Yield,27.7088,18.5571,1.49,satisfied
WTI crude / Break-even Inflation (10-year),27.7088,18.5571,1.49,satisfied
WTI crude / S&P 500,27.7088,18.5571,1.49,satisfied
WTI crude / BBB Corporate Spread (OAS),27.7088,18.5571,1.49,satisfied
WTI crude / High-Yield Corporate Spread (OAS),27.7088,18.5571,1.49,satisfied
WTI crude / Gold Futures,27.7088,18.5571,1.49,satisfied
WTI crude / U.S. Dollar Index,27.7088,18.5571,1.49,satisfied
WTI crude / 3-Month Treasury Bill,27.7088,18.5571,1.49,satisfied
